,Condition,Function,WhitneyP,WhitneyU1
0,Homecage,MahalanobisDistance_HPC_Inter_cluster,0.63756113042577,141
1,Homecage,MahalanobisDistance_HPC_Intra_Cluster,0.180910587565825,164
2,Homecage,MahalanobisDistance_PFC_Inter_cluster,0.235148378376922,96
3,Homecage,MahalanobisDistance_PFC_Intra_Cluster,0.43974563486846,107
4,Homecage,PearsonDistance_HPC_Inter_cluster,0.777432202901975,136
5,Homecage,PearsonDistance_HPC_Intra_Cluster,0.748698625051346,119
6,Homecage,PearsonDistance_PFC_Inter_cluster,0.664707815503064,140
7,Homecage,PearsonDistance_PFC_Intra_Cluster,0.777432202901975,120
8,Overlapping,MahalanobisDistance_HPC_Inter_cluster,0.720309845969591,138
9,Overlapping,MahalanobisDistance_HPC_Intra_Cluster,0.355809995767374,153
10,Overlapping,MahalanobisDistance_PFC_Inter_cluster,0.33651827439216,102
11,Overlapping,MahalanobisDistance_PFC_Intra_Cluster,0.485649491318067,109
12,Overlapping,PearsonDistance_HPC_Inter_cluster,0.664707815503064,140
13,Overlapping,PearsonDistance_HPC_Intra_Cluster,0.485649491318067,109
14,Overlapping,PearsonDistance_PFC_Inter_cluster,0.806473491057462,135
15,Overlapping,PearsonDistance_PFC_Intra_Cluster,0.835784125740261,122
16,Random,MahalanobisDistance_HPC_Inter_cluster,0.509538755606843,146
17,Random,MahalanobisDistance_HPC_Intra_Cluster,0.835784125740261,134
18,Random,MahalanobisDistance_PFC_Inter_cluster,0.266214224979063,158
19,Random,MahalanobisDistance_PFC_Intra_Cluster,0.63756113042577,141
20,Random,PearsonDistance_HPC_Inter_cluster,0.954916906944994,130
21,Random,PearsonDistance_HPC_Intra_Cluster,0.835784125740261,122
22,Random,PearsonDistance_PFC_Inter_cluster,0.806473491057462,135
23,Random,PearsonDistance_PFC_Intra_Cluster,0.692301536206049,117
24,Stable,MahalanobisDistance_HPC_Inter_cluster,0.342857142857143,4
25,Stable,MahalanobisDistance_HPC_Intra_Cluster,0.685714285714286,10
26,Stable,MahalanobisDistance_PFC_Inter_cluster,0.485714285714286,11
27,Stable,MahalanobisDistance_PFC_Intra_Cluster,0.114285714285714,14
28,Stable,PearsonDistance_HPC_Inter_cluster,0.885714285714286,7
29,Stable,PearsonDistance_HPC_Intra_Cluster,1,8
30,Stable,PearsonDistance_PFC_Inter_cluster,0.685714285714286,10
31,Stable,PearsonDistance_PFC_Intra_Cluster,0.685714285714286,6
